{"train/loss": 1.0053901672363281, "epoch": 0, "trainer/global_step": 89, "_timestamp": 1673014662.6200595, "_runtime": 613.9987814426422, "_step": 44, "_wandb": {"runtime": 624}}